{
  "generatedAt": "2026-02-26T19:47:54.450Z",
  "nodeVersion": "v22.22.0",
  "startupRuns": 7,
  "memoryRuns": 5,
  "startup": {
    "runtime_only": {
      "unit": "ms",
      "samples": [
        105.18062499999996,
        100.64670799999999,
        104.15975000000003,
        102.92479199999991,
        105.295208,
        100.31454099999996,
        101.63249999999994
      ],
      "stats": {
        "min": 100.31454099999996,
        "median": 102.92479199999991,
        "p95": 105.18062499999996,
        "max": 105.295208
      }
    },
    "host_import": {
      "unit": "ms",
      "samples": [
        660.654583,
        691.7157500000001,
        657.3587500000003,
        667.9459999999999,
        656.4744999999998,
        674.9661249999999,
        661.7882910000008
      ],
      "stats": {
        "min": 656.4744999999998,
        "median": 661.7882910000008,
        "p95": 674.9661249999999,
        "max": 691.7157500000001
      }
    },
    "extension_import": {
      "unit": "ms",
      "samples": [
        672.1488749999999,
        660.0414169999995,
        670.6435410000004,
        693.6759580000007,
        660.0168329999997,
        673.201916,
        668.9074170000004
      ],
      "stats": {
        "min": 660.0168329999997,
        "median": 670.6435410000004,
        "p95": 673.201916,
        "max": 693.6759580000007
      }
    }
  },
  "startupIncrementalMs": 8.855249999999614,
  "memory": {
    "host_import": {
      "unit": "bytes",
      "samples": [
        51022600,
        51010936,
        51012064,
        51012648,
        51003480
      ],
      "stats": {
        "min": 51003480,
        "median": 51012064,
        "p95": 51012648,
        "max": 51022600
      }
    },
    "extension_import": {
      "unit": "bytes",
      "samples": [
        51135248,
        51121944,
        51138296,
        51127736,
        51123160
      ],
      "stats": {
        "min": 51121944,
        "median": 51127736,
        "p95": 51135248,
        "max": 51138296
      }
    }
  },
  "memoryIncrementalBytes": 115672,
  "responsiveness": {
    "h": {
      "unit": "us/op",
      "samples": [
        2105.6484062499994,
        2086.4643539999997,
        2096.1669272500003,
        2080.22725
      ],
      "stats": {
        "min": 2080.22725,
        "median": 2086.4643539999997,
        "p95": 2096.1669272500003,
        "max": 2105.6484062499994
      }
    },
    "ignored_printable": {
      "unit": "us/op",
      "samples": [
        0.2658271000000241,
        0.18759584999970685,
        0.16542499999995924,
        0.17717295000002195
      ],
      "stats": {
        "min": 0.16542499999995924,
        "median": 0.17717295000002195,
        "p95": 0.18759584999970685,
        "max": 0.2658271000000241
      }
    },
    "w_words_20": {
      "unit": "us/op",
      "samples": [
        96.22645500006911,
        94.23862000004495,
        95.15555333348554,
        98.4783966664448
      ],
      "stats": {
        "min": 94.23862000004495,
        "median": 95.15555333348554,
        "p95": 96.22645500006911,
        "max": 98.4783966664448
      }
    },
    "b_words_20": {
      "unit": "us/op",
      "samples": [
        97.84833499977442,
        97.55277166670567,
        100.09185666675573,
        95.11012999984814
      ],
      "stats": {
        "min": 95.11012999984814,
        "median": 97.55277166670567,
        "p95": 97.84833499977442,
        "max": 100.09185666675573
      }
    },
    "w_words_50": {
      "unit": "us/op",
      "samples": [
        421.53742750017045,
        414.68426999974326,
        416.1104525002156,
        415.6888674997208
      ],
      "stats": {
        "min": 414.68426999974326,
        "median": 415.6888674997208,
        "p95": 416.1104525002156,
        "max": 421.53742750017045
      }
    },
    "b_words_50": {
      "unit": "us/op",
      "samples": [
        420.0864700002421,
        415.94074249996993,
        422.7928374998555,
        421.2902275000488
      ],
      "stats": {
        "min": 415.94074249996993,
        "median": 420.0864700002421,
        "p95": 421.2902275000488,
        "max": 422.7928374998555
      }
    },
    "w_words_100": {
      "unit": "us/op",
      "samples": [
        819.8231933332621,
        817.2904433333315,
        818.4764033332855,
        818.1870933332297
      ],
      "stats": {
        "min": 817.2904433333315,
        "median": 818.1870933332297,
        "p95": 818.4764033332855,
        "max": 819.8231933332621
      }
    },
    "b_words_100": {
      "unit": "us/op",
      "samples": [
        820.9379099999691,
        820.3038699998191,
        827.2448566665844,
        822.2007933331528
      ],
      "stats": {
        "min": 820.3038699998191,
        "median": 820.9379099999691,
        "p95": 822.2007933331528,
        "max": 827.2448566665844
      }
    },
    "w_words_200": {
      "unit": "us/op",
      "samples": [
        1820.6604250002783,
        1818.3410499999081,
        1816.6797799998676,
        1819.6404349998556
      ],
      "stats": {
        "min": 1816.6797799998676,
        "median": 1818.3410499999081,
        "p95": 1819.6404349998556,
        "max": 1820.6604250002783
      }
    },
    "b_words_200": {
      "unit": "us/op",
      "samples": [
        2421.311285000229,
        2426.3712549996126,
        2437.002254999752,
        2424.188100000065
      ],
      "stats": {
        "min": 2421.311285000229,
        "median": 2424.188100000065,
        "p95": 2426.3712549996126,
        "max": 2437.002254999752
      }
    },
    "w_words_400": {
      "unit": "us/op",
      "samples": [
        3869.0746416668844,
        3849.4364499996664,
        3839.0083499999187,
        3837.4413583336113
      ],
      "stats": {
        "min": 3837.4413583336113,
        "median": 3839.0083499999187,
        "p95": 3849.4364499996664,
        "max": 3869.0746416668844
      }
    },
    "b_words_400": {
      "unit": "us/op",
      "samples": [
        5130.219100000069,
        5131.706641666583,
        5116.693741666736,
        5105.288175000352
      ],
      "stats": {
        "min": 5105.288175000352,
        "median": 5116.693741666736,
        "p95": 5130.219100000069,
        "max": 5131.706641666583
      }
    },
    "dw_words_400": {
      "unit": "us/op",
      "samples": [
        1852.6003416666451,
        1853.7730000001222,
        1846.4895666665445,
        1872.3333250002422
      ],
      "stats": {
        "min": 1846.4895666665445,
        "median": 1852.6003416666451,
        "p95": 1853.7730000001222,
        "max": 1872.3333250002422
      }
    },
    "yw_words_400": {
      "unit": "us/op",
      "samples": [
        1.4664583333311991,
        1.3417708333327028,
        1.782535000002099,
        0.7707291666641444
      ],
      "stats": {
        "min": 0.7707291666641444,
        "median": 1.3417708333327028,
        "p95": 1.4664583333311991,
        "max": 1.782535000002099
      }
    }
  }
}